{"cameraMode":{"drawMode":0,"name":"Shaded","section":"Shading Mode"},"sceneLighting":false,"audioPlay":false,"sceneViewState":{"m_AlwaysRefresh":false,"showFog":true,"showSkybox":false,"showFlares":true,"showImageEffects":true,"showParticleSystems":true,"showVisualEffectGraphs":true,"m_FxEnabled":true},"in2DMode":false,"pivot":{"x":1.8149259090423585,"y":-0.8198815584182739,"z":-4.959957122802734},"rotation":{"x":0.011788737960159779,"y":0.9820138812065125,"z":-0.07281960546970368,"w":0.17517869174480439},"size":3.7641687393188478,"orthographic":false}