{"cameraMode":{"drawMode":0,"name":"Shaded","section":"Shading Mode"},"sceneLighting":true,"audioPlay":false,"sceneViewState":{"m_AlwaysRefresh":false,"showFog":true,"showSkybox":true,"showFlares":true,"showImageEffects":true,"showParticleSystems":true,"showVisualEffectGraphs":true,"m_FxEnabled":true},"in2DMode":false,"pivot":{"x":9.829264640808106,"y":-4.664491176605225,"z":22.861202239990236},"rotation":{"x":-0.1064523309469223,"y":-0.16848772764205934,"z":0.019017690792679788,"w":-0.9801082015037537},"size":16.753803253173829,"orthographic":false}