{"cameraMode":{"drawMode":0,"name":"Shaded","section":"Shading Mode"},"sceneLighting":true,"audioPlay":false,"sceneViewState":{"m_AlwaysRefresh":false,"showFog":true,"showSkybox":true,"showFlares":true,"showImageEffects":true,"showParticleSystems":true,"showVisualEffectGraphs":true,"m_FxEnabled":true},"in2DMode":false,"pivot":{"x":-39.00267028808594,"y":5.3223772048950199,"z":-5.775295734405518},"rotation":{"x":0.031105797737836839,"y":-0.6873615384101868,"z":0.02952354960143566,"w":0.7250970005989075},"size":18.824037551879884,"orthographic":false}