{"cameraMode":{"drawMode":0,"name":"Shaded","section":"Shading Mode"},"sceneLighting":true,"audioPlay":false,"sceneViewState":{"m_AlwaysRefresh":false,"showFog":true,"showSkybox":true,"showFlares":true,"showImageEffects":true,"showParticleSystems":true,"showVisualEffectGraphs":true,"m_FxEnabled":true},"in2DMode":false,"pivot":{"x":-0.7924875617027283,"y":-19.29309844970703,"z":-45.88069534301758},"rotation":{"x":0.0015185835072770715,"y":0.9655802845954895,"z":-0.26133179664611819,"w":0.008086481131613255},"size":20.667753219604493,"orthographic":false}