{"cameraMode":{"drawMode":0,"name":"Shaded","section":"Shading Mode"},"sceneLighting":true,"audioPlay":false,"sceneViewState":{"m_AlwaysRefresh":false,"showFog":true,"showSkybox":true,"showFlares":true,"showImageEffects":true,"showParticleSystems":true,"showVisualEffectGraphs":true,"m_FxEnabled":true},"in2DMode":false,"pivot":{"x":0.48546814918518069,"y":-3.3556833267211916,"z":23.43398666381836},"rotation":{"x":-0.19291676580905915,"y":-0.051217880100011829,"z":0.010067724622786045,"w":-0.979844868183136},"size":18.824037551879884,"orthographic":false}